id,domain,idea,groundedness_1to5,
R0039,strategy,"Introduce a ""Roaster's Cutting Room Floor"" subscription tier that sells the experimental micro-batches from your profile-development sessions — the one-off roasts you create while dialing in new origins — as a limited monthly drop with the roaster's tasting notes on what worked and what didn't, turning R&D waste into your most exclusive product.",1,
R0021,product,"A ""confidence decay"" system: every note gets a user-set half-life based on how fast its domain changes (e.g., tax rules vs. math proofs), and the app visually fades stale notes and surfaces a periodic ""re-verify or retire"" queue so your knowledge base signals which facts may no longer be true.",5,lets check our patent stack for t his one
R0044,strategy,"Partner with local bakeries and dessert shops to co-develop ""pairing roasts"" — custom small-batch roasts profiled to complement a specific signature pastry, sold as co-branded bundles in both businesses and driving each partner's customers to the other.",4,
R0030,product,"A ""decay-aware"" notes mode where each note silently tracks how confident you were when you wrote it and how fast its domain changes (e.g., API docs vs. philosophy), then visually fades or flags stale claims and prompts you to re-verify only the notes whose expected shelf life has expired — turning your knowledge base into something that admits what it no longer knows.",5,check patents
R0019,product,"A ""decay review"" mode: notes you haven't touched in months gradually blur on screen, and to restore one you must rewrite its core point from memory — the app then diffs your recall against the original, turning your stale archive into an active self-testing system that reveals exactly which knowledge you've actually retained.",4,
R0048,strategy,"Offer a ""Roaster's Bracket"" subscription: each month, subscribers receive two 4-oz bags of the same single-origin bean roasted to two different profiles and vote for the winner online — the winning roast earns a permanent spot in the lineup with the voting customers credited on the bag, turning subscribers into co-curators who feel real ownership of the roaster's menu.",1,
R0016,science,"Sleep exists primarily to recalibrate the brain's extracellular ionic gradients (Na⁺, K⁺, Ca²⁺, Mg²⁺) that accumulate imbalances during waking neural activity — testable by predicting that selectively restoring these gradients pharmacologically during wakefulness will reduce an organism's homeostatic sleep need without impairing memory or clearance functions.",3,tell me more and scrutinize
R0031,product,"A ""decay ledger"" that tracks which claims in your notes cite sources with dates, then automatically flags notes whose factual shelf-life has likely expired — e.g., ""this pricing comparison is 18 months old and two of the cited tools have since changed their models"" — turning your knowledge base from a static archive into one that admits what it no longer knows.",4,
R0028,product,"A note-taking app where every note has a configurable ""decay"" setting: notes you never revisit gradually fade visually (lower contrast, smaller in search rankings) and eventually get auto-archived with a periodic ""compost digest"" summarizing what's about to disappear — forcing deliberate curation instead of infinite hoarding, while letting you ""pin"" evergreen notes to exempt them.",4,
R0009,science,"Sleep is necessary to periodically reset the phosphorylation state of synaptic proteins that accumulate during waking; testably, selectively blocking dephosphorylation of a specific kinase target (e.g., CaMKII substrates) during sleep should abolish sleep's restorative benefit on synaptic signaling without altering total sleep time.",4,making sleep ineffective? 
R0011,science,"A testable hypothesis: Sleep is necessary primarily to reset the brain's neuronal ion-gradient reserves—during waking, sustained firing progressively depletes the steep transmembrane Na⁺/K⁺ and Ca²⁺ gradients that individual neurons cannot fully restore while active, and sleep's synchronized slow-wave quiescence provides the mandatory low-activity window for Na⁺/K⁺-ATPase to rebuild them. This predicts that experimentally boosting ATPase capacity or artificially restoring ion gradients should measurably reduce an organism's sleep need.",4,scrutinize the idea
R0023,product,"A ""context capsule"" — every note automatically preserves a snapshot of what you were reading, listening to, and working on at the moment of capture (open browser tabs, active document, calendar event in progress), so revisiting an old note reconstructs the situational context that made it meaningful, not just the words you managed to write down.",4,
R0029,product,"A ""decay review"" mode that surfaces notes whose linked references have changed since you wrote them — flagging, for example, that a note citing your ""project-goals"" page is now stale because that page was heavily rewritten — so you review knowledge precisely when its foundations shift rather than on an arbitrary schedule.",3,
R0049,strategy,"Launch a ""Roast Curve Subscription"" where customers vote monthly on the roast profile of a single lot — the roaster ships the same bean roasted to the winning curve alongside a ""challenger"" profile, turning subscribers into a cupping panel whose feedback data also becomes a sellable insight for the farm partner.",1,
R0033,product,"A ""decay-and-defend"" review mode: notes you haven't revisited slowly fade toward an archived state, but before archiving, the app auto-generates a one-line challenge (""Do you still believe this? It contradicts your newer note X"") — forcing you to either defend, revise, or consciously let go of stale knowledge instead of hoarding it.",4,
R0003,science,"Biological sleep is necessary to periodically re-solubilize and clear condensed biomolecular condensates (phase-separated protein/RNA granules) that accumulate in neurons during waking activity, because their disassembly requires the low-activity, low-calcium intracellular state that only sustained slow-wave sleep provides.",3,
R0020,product,"A note-taking app feature: ""decay review"" — notes you haven't opened in a while get resurfaced one at a time with a three-button prompt (still true / archive / merge into another note), so your knowledge base sheds stale claims instead of silently accumulating outdated information you might act on later.",3,
R0045,strategy,"Launch a ""roast subscription for offices gone hybrid"": partner with local companies to send each remote employee a monthly personalized single-origin box (dialed to their brewing gear via a short quiz), turning one B2B contract into dozens of sticky consumer relationships and using the aggregated quiz data to guide which lots you buy and roast next season.",3,
R0004,science,"Biological sleep is necessary to periodically reset the phosphorylation state of synaptic proteins that accumulate during waking activity, because prolonged wakefulness saturates kinase-driven modifications that degrade signal-to-noise at synapses, and only the low-calcium, low-neuromodulator environment of slow-wave sleep permits phosphatases to restore these proteins to a baseline state.",2,
R0053,strategy,"Launch a ""Roast Curve Subscription"" where customers pick a single-origin lot and receive it roasted three different ways over three weeks — light, medium, and the roaster's signature profile — then vote on their favorite, which the roaster then produces as a personalized standing order, turning one-time buyers into locked-in subscribers while generating rich preference data for future sourcing.",1,
R0010,science,"Sleep is necessary to periodically reset the brain's extracellular ionic gradients (particularly potassium, calcium, and magnesium) that progressively drift during waking neural activity, restoring the electrochemical conditions required for reliable action-potential timing — predicting that sleep pressure tracks cumulative ionic imbalance rather than metabolic byproduct accumulation, and that artificially restoring these gradients would reduce the need for sleep.",4,
R0036,strategy,"Partner with local tattoo studios, barbershops, and record stores to create co-branded ""house blends"" they sell and serve exclusively — each partner gets a custom roast profile and bag design, and the roaster gains built-in distribution to loyal, taste-driven communities that big coffee brands can't reach.",1,
R0022,product,"A ""misremembering surface"": the app deliberately shows you slightly paraphrased versions of your old notes when resurfacing them, and asks you to spot what feels wrong — the friction of correcting the paraphrase back to your original meaning strengthens recall and flags which notes you no longer actually understand.",4,
R0041,strategy,"Partner with local offices and coworking spaces on a ""house roast"" subscription: the roaster creates a custom-named blend for each workplace, delivers fresh weekly, and includes the company's branding on the bags — turning B2B accounts into recurring revenue and word-of-mouth marketing as employees buy their office's blend for home.",1,
R0024,product,"Give each note a ""half-life"": notes you never revisit gradually fade visually (lower contrast, sinking in lists) instead of piling up, and the app periodically surfaces a ""fading soon"" digest asking you to either link a fading note to something current — which resets its decay — or let it archive itself, so your knowledge base self-prunes toward what you actually use.",3,
R0000,science,"Biological sleep is necessary to periodically reset the phosphorylation state of synaptic proteins (like CaMKII and its targets), because prolonged wakefulness drives these proteins toward saturation that degrades their capacity to encode new learning—and this specific hypothesis is testable by measuring whether forcibly dephosphorylating these proteins during wakefulness reduces subsequent sleep need.",2,
R0025,product,"A ""decay heatmap"" that automatically dims and desaturates notes you haven't revisited as your linked notes around them change, then surfaces a weekly ""contested knowledge"" queue of notes whose content now contradicts newer notes in your graph — so you review exactly the ideas your own thinking has silently outgrown.",3,
R0046,strategy,"Launch a ""Roaster's Cutting Room"" subscription that sells the experimental micro-batches you already produce while dialing in new roast profiles — customers pay a premium for 100g ""unreleased"" test roasts with the profile data included, turning your R&D waste stream into revenue and a feedback panel that votes on which experiments become full releases.",1,
R0018,product,"A note-taking app feature where notes can declare ""expiry conditions"" instead of just existing forever — e.g., a note pins itself to the top until the meeting it references has passed, then automatically demotes itself to an archive with a one-line summary, so your workspace reflects only what's still actionable.",5,
R0035,product,"A ""decay dashboard"" that tracks which notes you've never revisited or linked since creation and, instead of just surfacing them for review, periodically asks you one auto-generated question answerable only from a forgotten note — if you answer correctly from memory, the note is offered for archival since your brain has absorbed it, and if you fail, it gets resurfaced into your active workspace.",4,
R0052,strategy,"Launch a ""roast-to-order office subscription"" targeting local hybrid-work companies: partner with 10–20 nearby offices to supply beans roasted the same week and named after each client (""The Acme Blend""), turning employers into recurring wholesale accounts while employees convert into retail subscribers through a QR code on every bag offering their first home delivery free.",1,
R0026,product,"A note-taking app feature where notes have an optional ""decay"" setting: unrevisited notes gradually fade visually and eventually surface in a weekly ""compost review"" that forces you to either link them to something, act on them, or let them archive — turning the guilt-pile of stale notes into an active triage ritual.",4,
R0012,science,"Sleep is necessary to periodically discharge and reset osmotic and ionic gradients that accumulate in neurons and glia during waking neural activity; specifically, the hypothesis is that slow-wave activity restores the transmembrane concentration reserves (e.g., intracellular potassium buffering capacity) that waking spikes progressively deplete, and this can be tested by measuring whether experimentally clamping glial-neuronal ion homeostasis during wake abolishes the subsequent need for slow-wave sleep.",3,
R0038,strategy,"Turn your roasting schedule into a subscription hook: sell a monthly ""First Crack Club"" where members get 250g of an experimental micro-lot roasted only once and never sold again, plus a voting ballot that decides which experiment becomes next quarter's permanent menu item — scarcity drives signups, and the vote turns subscribers into invested co-creators who market the winning coffee for you.",1,
R0032,product,"A ""decay review"" mode that surfaces notes whose linked neighbors have changed significantly since you last opened them — flagging that your note may now be stale or contradicted by your own newer thinking — and shows a diff of how the surrounding context evolved so you can reconcile or archive it.",4,
R0050,strategy,"Bundled bean subscriptions with local businesses: partner with nearby bakeries, bookstores, and barbershops to offer a co-branded ""neighborhood subscription"" where each month's roast is paired with a partner's product (a pastry voucher, a staff book pick), turning each partner's customer base into a shared acquisition channel at near-zero marketing cost.",1,
R0013,science,"Biological sleep is necessary to recharge the brain's astrocyte-mediated glycogen and lactate reserves that fuel neuronal activity, such that the depth of local slow-wave sleep in a given cortical region is proportional to that region's waking metabolic depletion, and selectively refueling one region (e.g., via targeted lactate delivery) will locally reduce its subsequent sleep need without affecting the rest of the brain.",3,
R0042,strategy,"Launch a ""coffee passport"" subscription where each month's shipment is a single-origin roast paired with a short audio interview with the actual farmer who grew it, and subscribers vote on which of three green-bean lots the roaster buys next — turning customers into co-sourcers who are invested in the next harvest.",1,
R0051,strategy,"Launch a ""roast subscription with a vote"": each month, subscribers taste two experimental micro-lot roast profiles of the same bean and vote which one enters the permanent lineup — turning customers into co-developers, generating retention through anticipation, and giving the roaster pre-validated demand data before committing to a full production run.",1,
R0002,science,"Biological sleep is necessary to periodically reset the phosphorylation state of synaptic proteins (e.g., the cumulative ""sleep-need"" phosphorylation seen in kinases like SIK3/CaMKII), because waking neural activity drives these residues toward a saturated, hyperphosphorylated state that degrades signal-to-noise in synaptic transmission—making sleep a proteostatic dephosphorylation cycle whose necessity can be tested by artificially clamping phosphorylation levels and measuring whether sleep pressure and its cognitive costs decouple.",3,
R0027,product,"A ""decay-and-defend"" mode: notes you haven't revisited slowly fade toward an archived state, but before archiving, the app quizzes you with a one-line prompt generated from the note — if you can't recall its gist, it resurfaces the note into your daily queue; if you can, it archives confidently, turning pruning itself into spaced repetition.",3,
R0037,strategy,"Partner with local offices and coworking spaces to install a ""roaster's rotation"" subscription: each month you supply a different single-origin exclusively roasted for them, with a QR code on the bag linking to a 2-minute video of your roaster explaining that batch — turning break rooms into a discovery channel that converts employees into direct home subscribers.",1,
R0005,science,"The idea:

Sleep is necessary to run a ""synaptic error-correction audit,"" in which the brain replays the day's neural activity at metabolically cheap low frequencies to detect and prune synapses that encode statistically spurious correlations (noise mistaken for signal during waking learning); this predicts that sleep deprivation should specifically increase false-positive associative errors—confidently learned but incorrect correlations—more than it degrades recall of well-supported memories.",3,
R0034,product,"A ""decay review"" mode that surfaces notes whose links have gone stale — when a note you reference frequently gets edited, the app flags every dependent note whose summary or claims now contradict the updated source, so your knowledge base self-audits for outdated conclusions instead of silently accumulating stale beliefs.",4,
R0043,strategy,"Launch a mobile ""roaster's residency"" subscription where each month the roaster hands one production batch to a local pastry chef, brewer, or chocolatier who co-designs the roast profile and a paired product, splitting the collaborator's customer list with each drop to compound both audiences.",1,
R0006,science,"Biological sleep is necessary to periodically reset the phosphorylation state of synaptic proteins that accumulate during waking; wakefulness progressively drives these proteins into a hyperphosphorylated state that degrades signaling fidelity, and only the specific neuronal firing patterns of sleep can enzymatically restore them, predicting that pharmacologically blocking sleep-associated phosphatase activity would produce sleep-deprivation cognitive deficits even in fully rested animals.",3,
R0008,science,"The idea:

Sleep is necessary to periodically reset the brain's extracellular ionic gradients (particularly the ratio of potassium, calcium, and magnesium) that accumulate imbalances during waking neural activity; testable by measuring whether artificially restoring these ion concentrations during wakefulness reduces subsequent sleep need in animal models.",3,
R0014,science,A hypothesis: sleep is required to periodically reset the brain's synaptic ion-gradient reserves—specifically to restore intraneuronal potassium buffering capacity depleted by sustained wakeful firing—such that sleep duration should scale with each species' cumulative daytime neuronal spike load rather than with body size or metabolic rate.,4,
R0015,science,"Sleep exists to periodically reset the brain's extracellular ionic gradients (particularly the balance of potassium, calcium, and magnesium) that accumulate drift during wakeful firing; the testable prediction is that direct restoration of these gradient set-points during wake would proportionally reduce an organism's subsequent sleep need without replacing sleep's memory-consolidation functions.",3,
R0017,science,"Sleep is necessary to periodically re-randomize (add noise to) synaptic weights that drift toward spurious correlations during waking learning, so that REM-generated ""off-distribution"" replay acts as a biological regularizer preventing catastrophic overfitting to recent experience — testable by showing that selectively suppressing REM increases memory rigidity and false-pattern completion in proportion to prior waking learning load.",4,
R0047,strategy,"Launch a ""roast-to-order subscription"" where customers vote monthly on which green-bean lot the roaster buys next — subscribers pre-fund the purchase of a single microlot, follow its journey from import to roast via short update emails, and receive the finished coffee days after roasting, turning inventory risk into a pre-sold, community-driven product drop.",1,
R0001,science,"Biological sleep is necessary to run a supervised ""replay-and-prune"" recalibration of sensory prediction circuits: during waking, self-generated actions continuously bias synaptic weights toward expected feedback, and sleep exists to periodically re-derive each neuron's true baseline noise floor offline (absent motor-driven input), preventing the slow accumulation of self-confirming prediction errors that would otherwise make perception drift toward hallucination.",5,
R0007,science,"The idea should be output only, per the task.

Sleep is necessary to periodically reset the brain's extracellular ionic gradients (particularly the balance of potassium, calcium, and magnesium) that progressively degrade during waking neural activity, and this hypothesis predicts that artificially restoring these gradients during wakefulness would measurably reduce an organism's sleep need.",3,
R0040,strategy,"Launch a ""roast the block"" subscription where the roaster creates exclusive micro-batch blends co-designed with neighboring local businesses—a bakery, bookstore, or barbershop—each partner selling the co-branded coffee and receiving a revenue share, turning the neighborhood itself into a distribution and marketing network.",1,
